scenario,seed,space,frag,opp,batch_days,policy,revenue,acceptance_rate,occupancy,revpabd,mean_waste_m,rejected_value,sim_seconds,acc_small,acc_sail,acc_motor,acc_super
low,7,,,,,online[best_fit],1665007.0,0.9528,0.5041,38.52,1.78,295750.0,2.8,1.0,0.961,0.939,0.891
low,11,,,,,online[best_fit],1656492.0,0.9425,0.5167,38.32,1.75,313015.0,3.0,1.0,0.949,0.92,0.891
base,7,,,,,online[best_fit],2021687.0,0.8503,0.6606,46.77,1.88,961382.0,4.6,1.0,0.853,0.802,0.769
base,11,,,,,online[best_fit],1953399.0,0.8612,0.6324,45.19,1.83,932588.0,4.0,1.0,0.857,0.823,0.779
high,7,,,,,online[best_fit],2164536.0,0.7764,0.7317,50.07,1.89,1548158.0,5.2,0.98,0.764,0.723,0.694
high,11,,,,,online[best_fit],2162906.0,0.7686,0.7369,50.03,1.97,1665241.0,5.2,0.963,0.759,0.713,0.682
low,7,0.0,0.0,0.0,1,"batch[1d,space=0,frag=0,opp=0]",1386698.0,0.783,0.4058,32.08,7.64,1012072.0,6.6,1.0,0.864,0.703,0.364
low,11,0.0,0.0,0.0,1,"batch[1d,space=0,frag=0,opp=0]",1392170.0,0.7796,0.4176,32.21,7.75,1019280.0,6.6,1.0,0.854,0.695,0.335
low,7,0.25,0.0,0.0,1,"batch[1d,space=0.25,frag=0,opp=0]",1401192.0,0.7878,0.4072,32.41,7.48,999025.0,8.3,1.0,0.861,0.708,0.41
low,11,0.25,0.0,0.0,1,"batch[1d,space=0.25,frag=0,opp=0]",1407858.0,0.7845,0.4185,32.57,7.59,1005073.0,7.9,1.0,0.852,0.703,0.373
low,7,0.5,0.0,0.0,1,"batch[1d,space=0.5,frag=0,opp=0]",1480071.0,0.8217,0.4266,34.24,5.71,859366.0,7.3,1.0,0.875,0.746,0.562
low,11,0.5,0.0,0.0,1,"batch[1d,space=0.5,frag=0,opp=0]",1484888.0,0.8186,0.4398,34.35,5.83,863379.0,7.7,1.0,0.87,0.736,0.539
low,7,0.75,0.0,0.0,1,"batch[1d,space=0.75,frag=0,opp=0]",1582386.0,0.8812,0.4654,36.61,3.53,598984.0,7.1,1.0,0.912,0.832,0.725
low,11,0.75,0.0,0.0,1,"batch[1d,space=0.75,frag=0,opp=0]",1562732.0,0.8768,0.4769,36.15,3.46,626600.0,6.6,1.0,0.904,0.818,0.732
low,7,1.0,0.0,0.0,1,"batch[1d,space=1,frag=0,opp=0]",1646849.0,0.9298,0.494,38.1,2.3,396795.0,6.3,1.0,0.946,0.904,0.838
low,11,1.0,0.0,0.0,1,"batch[1d,space=1,frag=0,opp=0]",1646404.0,0.9223,0.5089,38.09,2.32,409250.0,6.4,1.0,0.941,0.887,0.818
low,7,1.5,0.0,0.0,1,"batch[1d,space=1.5,frag=0,opp=0]",1673114.0,0.9474,0.5039,38.7,1.76,294190.0,5.8,1.0,0.949,0.936,0.899
low,11,1.5,0.0,0.0,1,"batch[1d,space=1.5,frag=0,opp=0]",1667837.0,0.941,0.5162,38.58,1.76,307783.0,6.2,1.0,0.944,0.917,0.908
low,7,2.0,0.0,0.0,1,"batch[1d,space=2,frag=0,opp=0]",1666680.0,0.9447,0.5021,38.56,1.7,296048.0,5.9,1.0,0.941,0.937,0.903
low,11,2.0,0.0,0.0,1,"batch[1d,space=2,frag=0,opp=0]",1652471.0,0.9359,0.5127,38.23,1.67,315834.0,5.9,1.0,0.932,0.917,0.908
base,7,0.0,0.0,0.0,1,"batch[1d,space=0,frag=0,opp=0]",1617278.0,0.6766,0.5292,37.41,6.62,1830899.0,8.3,1.0,0.732,0.568,0.299
base,11,0.0,0.0,0.0,1,"batch[1d,space=0,frag=0,opp=0]",1573473.0,0.6931,0.5044,36.4,6.89,1777117.0,8.5,1.0,0.738,0.597,0.323
base,7,0.25,0.0,0.0,1,"batch[1d,space=0.25,frag=0,opp=0]",1634544.0,0.6827,0.5303,37.81,6.54,1815289.0,8.5,1.0,0.735,0.572,0.33
base,11,0.25,0.0,0.0,1,"batch[1d,space=0.25,frag=0,opp=0]",1591180.0,0.6985,0.5071,36.81,6.81,1757075.0,8.3,1.0,0.741,0.602,0.346
base,7,0.5,0.0,0.0,1,"batch[1d,space=0.5,frag=0,opp=0]",1745896.0,0.7222,0.5594,40.39,5.2,1641729.0,8.3,1.0,0.756,0.623,0.472
base,11,0.5,0.0,0.0,1,"batch[1d,space=0.5,frag=0,opp=0]",1691794.0,0.7315,0.5319,39.14,5.37,1596948.0,8.2,1.0,0.76,0.647,0.455
base,7,0.75,0.0,0.0,1,"batch[1d,space=0.75,frag=0,opp=0]",1876602.0,0.7863,0.6161,43.41,3.3,1335943.0,8.9,1.0,0.809,0.711,0.611
base,11,0.75,0.0,0.0,1,"batch[1d,space=0.75,frag=0,opp=0]",1820138.0,0.8016,0.5875,42.11,3.32,1290872.0,8.2,1.0,0.821,0.735,0.613
base,7,1.0,0.0,0.0,1,"batch[1d,space=1,frag=0,opp=0]",1986386.0,0.8305,0.6525,45.95,2.29,1071680.0,8.2,1.0,0.842,0.775,0.707
base,11,1.0,0.0,0.0,1,"batch[1d,space=1,frag=0,opp=0]",1927915.0,0.8452,0.6236,44.6,2.25,1036735.0,8.0,1.0,0.853,0.789,0.74
base,7,1.5,0.0,0.0,1,"batch[1d,space=1.5,frag=0,opp=0]",2029542.0,0.8439,0.6595,46.95,1.81,952666.0,8.0,1.0,0.84,0.799,0.772
base,11,1.5,0.0,0.0,1,"batch[1d,space=1.5,frag=0,opp=0]",1963765.0,0.8555,0.6327,45.43,1.8,927256.0,7.7,1.0,0.843,0.825,0.779
base,7,2.0,0.0,0.0,1,"batch[1d,space=2,frag=0,opp=0]",2018013.0,0.8395,0.6565,46.68,1.74,955809.0,7.6,1.0,0.829,0.801,0.772
base,11,2.0,0.0,0.0,1,"batch[1d,space=2,frag=0,opp=0]",1955752.0,0.8526,0.6305,45.24,1.74,925761.0,7.5,1.0,0.836,0.821,0.792
high,7,0.0,0.0,0.0,1,"batch[1d,space=0,frag=0,opp=0]",1674230.0,0.6191,0.5869,38.73,6.4,2528392.0,10.3,1.0,0.654,0.503,0.253
high,11,0.0,0.0,0.0,1,"batch[1d,space=0,frag=0,opp=0]",1693041.0,0.6125,0.5979,39.17,6.2,2597738.0,10.1,0.999,0.639,0.501,0.242
high,7,0.25,0.0,0.0,1,"batch[1d,space=0.25,frag=0,opp=0]",1691637.0,0.6206,0.588,39.13,6.33,2513688.0,10.2,1.0,0.654,0.501,0.276
high,11,0.25,0.0,0.0,1,"batch[1d,space=0.25,frag=0,opp=0]",1709678.0,0.6163,0.5994,39.55,6.14,2582937.0,10.0,1.0,0.64,0.501,0.274
high,7,0.5,0.0,0.0,1,"batch[1d,space=0.5,frag=0,opp=0]",1830839.0,0.6601,0.623,42.35,5.01,2301527.0,10.0,1.0,0.678,0.546,0.424
high,11,0.5,0.0,0.0,1,"batch[1d,space=0.5,frag=0,opp=0]",1830660.0,0.6551,0.63,42.35,5.05,2403737.0,10.1,0.998,0.666,0.552,0.398
high,7,0.75,0.0,0.0,1,"batch[1d,space=0.75,frag=0,opp=0]",2006798.0,0.7244,0.689,46.42,3.14,1933595.0,9.7,0.999,0.732,0.629,0.574
high,11,0.75,0.0,0.0,1,"batch[1d,space=0.75,frag=0,opp=0]",2011552.0,0.7211,0.6985,46.53,3.2,2027184.0,8.9,0.998,0.721,0.638,0.55
high,7,1.0,0.0,0.0,1,"batch[1d,space=1,frag=0,opp=0]",2131396.0,0.763,0.7259,49.31,2.25,1655334.0,8.8,0.994,0.757,0.689,0.673
high,11,1.0,0.0,0.0,1,"batch[1d,space=1,frag=0,opp=0]",2129607.0,0.7586,0.7344,49.26,2.3,1762483.0,8.6,0.983,0.752,0.694,0.644
high,7,1.5,0.0,0.0,1,"batch[1d,space=1.5,frag=0,opp=0]",2166664.0,0.7716,0.7295,50.12,1.82,1543935.0,8.3,0.977,0.754,0.717,0.709
high,11,1.5,0.0,0.0,1,"batch[1d,space=1.5,frag=0,opp=0]",2165670.0,0.7633,0.7343,50.1,1.86,1655261.0,8.3,0.955,0.749,0.712,0.691
high,7,2.0,0.0,0.0,1,"batch[1d,space=2,frag=0,opp=0]",2157920.0,0.7678,0.7264,49.92,1.73,1543167.0,8.2,0.976,0.743,0.721,0.712
high,11,2.0,0.0,0.0,1,"batch[1d,space=2,frag=0,opp=0]",2151841.0,0.7566,0.7306,49.78,1.76,1659315.0,8.2,0.952,0.733,0.711,0.703
low,7,1.5,0.0,0.05,1,"batch[1d,space=1.5,frag=0,opp=0.05]",1671792.0,0.9463,0.5034,38.67,1.74,294177.0,5.4,1.0,0.947,0.935,0.901
low,11,1.5,0.0,0.05,1,"batch[1d,space=1.5,frag=0,opp=0.05]",1662740.0,0.9392,0.5154,38.46,1.72,310274.0,5.5,1.0,0.939,0.919,0.906
low,7,1.5,0.0,0.1,1,"batch[1d,space=1.5,frag=0,opp=0.1]",1670187.0,0.9449,0.5029,38.64,1.72,295618.0,5.3,1.0,0.943,0.936,0.901
low,11,1.5,0.0,0.1,1,"batch[1d,space=1.5,frag=0,opp=0.1]",1658472.0,0.9378,0.5147,38.37,1.7,314061.0,5.7,1.0,0.937,0.917,0.906
low,7,1.5,0.0,0.2,1,"batch[1d,space=1.5,frag=0,opp=0.2]",1666404.0,0.9449,0.502,38.55,1.7,296546.0,5.9,1.0,0.942,0.937,0.903
low,11,1.5,0.0,0.2,1,"batch[1d,space=1.5,frag=0,opp=0.2]",1652049.0,0.9359,0.5127,38.22,1.67,315956.0,6.3,1.0,0.933,0.917,0.908
low,7,1.5,0.0,0.3,1,"batch[1d,space=1.5,frag=0,opp=0.3]",1663212.0,0.944,0.5011,38.48,1.68,298256.0,5.7,1.0,0.939,0.939,0.903
low,11,1.5,0.0,0.3,1,"batch[1d,space=1.5,frag=0,opp=0.3]",1652198.0,0.9349,0.5122,38.22,1.65,314524.0,6.1,1.0,0.929,0.919,0.908
low,7,1.5,0.0,0.5,1,"batch[1d,space=1.5,frag=0,opp=0.5]",1645019.0,0.9357,0.497,38.05,1.6,309448.0,6.0,1.0,0.927,0.928,0.903
low,11,1.5,0.0,0.5,1,"batch[1d,space=1.5,frag=0,opp=0.5]",1631912.0,0.9284,0.5076,37.75,1.6,329002.0,6.1,1.0,0.922,0.908,0.903
base,7,1.5,0.0,0.05,1,"batch[1d,space=1.5,frag=0,opp=0.05]",2028232.0,0.8429,0.6595,46.92,1.8,950287.0,8.3,1.0,0.839,0.798,0.772
base,11,1.5,0.0,0.05,1,"batch[1d,space=1.5,frag=0,opp=0.05]",1962108.0,0.8536,0.6322,45.39,1.77,925255.0,8.2,1.0,0.84,0.821,0.786
base,7,1.5,0.0,0.1,1,"batch[1d,space=1.5,frag=0,opp=0.1]",2026298.0,0.8427,0.6586,46.87,1.78,951818.0,7.9,1.0,0.835,0.803,0.772
base,11,1.5,0.0,0.1,1,"batch[1d,space=1.5,frag=0,opp=0.1]",1960814.0,0.8543,0.6318,45.36,1.76,924788.0,7.8,1.0,0.839,0.824,0.789
base,7,1.5,0.0,0.2,1,"batch[1d,space=1.5,frag=0,opp=0.2]",2018481.0,0.8401,0.657,46.69,1.74,955790.0,8.0,1.0,0.832,0.798,0.773
base,11,1.5,0.0,0.2,1,"batch[1d,space=1.5,frag=0,opp=0.2]",1960568.0,0.8546,0.6315,45.35,1.75,922231.0,7.6,1.0,0.839,0.823,0.792
base,7,1.5,0.0,0.3,1,"batch[1d,space=1.5,frag=0,opp=0.3]",2013249.0,0.8374,0.6556,46.57,1.7,957602.0,7.5,1.0,0.824,0.801,0.773
base,11,1.5,0.0,0.3,1,"batch[1d,space=1.5,frag=0,opp=0.3]",1953077.0,0.8508,0.6301,45.18,1.7,925426.0,8.0,1.0,0.831,0.822,0.792
base,7,1.5,0.0,0.5,1,"batch[1d,space=1.5,frag=0,opp=0.5]",2001117.0,0.8337,0.6513,46.29,1.63,958806.0,7.9,0.999,0.815,0.8,0.78
base,11,1.5,0.0,0.5,1,"batch[1d,space=1.5,frag=0,opp=0.5]",1939837.0,0.8438,0.6249,44.87,1.63,930155.0,7.6,0.997,0.818,0.822,0.787
high,7,1.5,0.0,0.05,1,"batch[1d,space=1.5,frag=0,opp=0.05]",2165961.0,0.7709,0.729,50.11,1.8,1543085.0,9.0,0.977,0.752,0.718,0.711
high,11,1.5,0.0,0.05,1,"batch[1d,space=1.5,frag=0,opp=0.05]",2162491.0,0.7616,0.7339,50.03,1.83,1656041.0,9.0,0.952,0.745,0.711,0.699
high,7,1.5,0.0,0.1,1,"batch[1d,space=1.5,frag=0,opp=0.1]",2164890.0,0.7687,0.7283,50.08,1.77,1542309.0,8.9,0.976,0.748,0.716,0.711
high,11,1.5,0.0,0.1,1,"batch[1d,space=1.5,frag=0,opp=0.1]",2156723.0,0.761,0.7329,49.89,1.81,1658739.0,9.3,0.956,0.741,0.713,0.7
high,7,1.5,0.0,0.2,1,"batch[1d,space=1.5,frag=0,opp=0.2]",2160815.0,0.768,0.7277,49.99,1.74,1543279.0,9.1,0.976,0.746,0.717,0.711
high,11,1.5,0.0,0.2,1,"batch[1d,space=1.5,frag=0,opp=0.2]",2155097.0,0.7579,0.7317,49.85,1.77,1657662.0,9.1,0.952,0.734,0.714,0.703
high,7,1.5,0.0,0.3,1,"batch[1d,space=1.5,frag=0,opp=0.3]",2155709.0,0.7651,0.7255,49.87,1.7,1543903.0,9.4,0.972,0.74,0.716,0.714
high,11,1.5,0.0,0.3,1,"batch[1d,space=1.5,frag=0,opp=0.3]",2152807.0,0.757,0.7306,49.8,1.74,1655200.0,9.2,0.953,0.73,0.713,0.712
high,7,1.5,0.0,0.5,1,"batch[1d,space=1.5,frag=0,opp=0.5]",2144828.0,0.7617,0.7221,49.62,1.63,1543873.0,9.0,0.969,0.731,0.72,0.713
high,11,1.5,0.0,0.5,1,"batch[1d,space=1.5,frag=0,opp=0.5]",2144651.0,0.7504,0.7263,49.61,1.64,1647292.0,8.6,0.947,0.718,0.712,0.71
low,7,1.5,0.25,0.0,1,"batch[1d,space=1.5,frag=0.25,opp=0]",1636435.0,0.9509,0.4978,37.86,1.75,333562.0,7.4,1.0,0.954,0.943,0.891
low,11,1.5,0.25,0.0,1,"batch[1d,space=1.5,frag=0.25,opp=0]",1636514.0,0.9441,0.5104,37.86,1.75,343879.0,8.6,1.0,0.95,0.92,0.899
low,7,1.5,0.5,0.0,1,"batch[1d,space=1.5,frag=0.5,opp=0]",1625835.0,0.9482,0.4957,37.61,1.76,345995.0,8.2,1.0,0.954,0.936,0.885
low,11,1.5,0.5,0.0,1,"batch[1d,space=1.5,frag=0.5,opp=0]",1634879.0,0.9414,0.5098,37.82,1.78,348080.0,8.6,1.0,0.948,0.917,0.893
low,7,1.5,1.0,0.0,1,"batch[1d,space=1.5,frag=1,opp=0]",1617561.0,0.9394,0.494,37.42,1.77,355837.0,8.6,1.0,0.944,0.928,0.869
low,11,1.5,1.0,0.0,1,"batch[1d,space=1.5,frag=1,opp=0]",1634592.0,0.9353,0.5096,37.81,1.8,349174.0,8.4,1.0,0.936,0.919,0.882
base,7,1.5,0.25,0.0,1,"batch[1d,space=1.5,frag=0.25,opp=0]",1999870.0,0.8547,0.6533,46.26,1.82,982535.0,9.6,0.999,0.85,0.814,0.793
base,11,1.5,0.25,0.0,1,"batch[1d,space=1.5,frag=0.25,opp=0]",1944983.0,0.8647,0.6303,44.99,1.81,950288.0,9.2,0.999,0.858,0.834,0.779
base,7,1.5,0.5,0.0,1,"batch[1d,space=1.5,frag=0.5,opp=0]",1997180.0,0.8546,0.6521,46.2,1.84,985927.0,9.3,0.999,0.85,0.818,0.779
base,11,1.5,0.5,0.0,1,"batch[1d,space=1.5,frag=0.5,opp=0]",1940871.0,0.8626,0.6282,44.9,1.83,956500.0,8.9,0.996,0.856,0.834,0.775
base,7,1.5,1.0,0.0,1,"batch[1d,space=1.5,frag=1,opp=0]",1986378.0,0.8457,0.6504,45.95,1.85,999685.0,9.1,0.999,0.844,0.801,0.766
base,11,1.5,1.0,0.0,1,"batch[1d,space=1.5,frag=1,opp=0]",1928293.0,0.8572,0.6255,44.61,1.84,969649.0,9.4,0.998,0.851,0.828,0.759
high,7,1.5,0.25,0.0,1,"batch[1d,space=1.5,frag=0.25,opp=0]",2146438.0,0.7833,0.7241,49.65,1.83,1568780.0,10.5,0.972,0.763,0.736,0.734
high,11,1.5,0.25,0.0,1,"batch[1d,space=1.5,frag=0.25,opp=0]",2152063.0,0.7776,0.7298,49.78,1.89,1674295.0,10.7,0.96,0.764,0.729,0.71
high,7,1.5,0.5,0.0,1,"batch[1d,space=1.5,frag=0.5,opp=0]",2141605.0,0.7796,0.7226,49.54,1.85,1577914.0,11.4,0.972,0.76,0.731,0.725
high,11,1.5,0.5,0.0,1,"batch[1d,space=1.5,frag=0.5,opp=0]",2142591.0,0.7723,0.7292,49.56,1.91,1683996.0,10.7,0.958,0.759,0.725,0.689
high,7,1.5,1.0,0.0,1,"batch[1d,space=1.5,frag=1,opp=0]",2135816.0,0.772,0.7217,49.41,1.85,1584451.0,10.6,0.969,0.755,0.719,0.713
high,11,1.5,1.0,0.0,1,"batch[1d,space=1.5,frag=1,opp=0]",2137643.0,0.7665,0.7277,49.45,1.9,1690154.0,10.7,0.955,0.755,0.719,0.672
low,7,1.5,0.0,0.0,3,"batch[3d,space=1.5,frag=0,opp=0]",1683302.0,0.9484,0.5057,38.94,1.77,283684.0,6.0,1.0,0.949,0.939,0.901
low,11,1.5,0.0,0.0,3,"batch[3d,space=1.5,frag=0,opp=0]",1673270.0,0.9404,0.5168,38.71,1.76,298635.0,6.1,1.0,0.941,0.921,0.906
low,7,1.5,0.0,0.0,7,"batch[7d,space=1.5,frag=0,opp=0]",1696044.0,0.9455,0.5082,39.23,1.79,271115.0,6.1,1.0,0.947,0.934,0.895
low,11,1.5,0.0,0.0,7,"batch[7d,space=1.5,frag=0,opp=0]",1681069.0,0.9372,0.5192,38.89,1.78,292187.0,6.3,1.0,0.941,0.914,0.893
base,7,1.5,0.0,0.0,3,"batch[3d,space=1.5,frag=0,opp=0]",2033198.0,0.8395,0.6606,47.03,1.81,948663.0,7.8,1.0,0.832,0.795,0.776
base,11,1.5,0.0,0.0,3,"batch[3d,space=1.5,frag=0,opp=0]",1974017.0,0.8523,0.6349,45.67,1.79,912412.0,7.8,0.999,0.839,0.819,0.785
base,7,1.5,0.0,0.0,7,"batch[7d,space=1.5,frag=0,opp=0]",2055475.0,0.8336,0.665,47.55,1.84,921904.0,8.5,1.0,0.822,0.789,0.78
base,11,1.5,0.0,0.0,7,"batch[7d,space=1.5,frag=0,opp=0]",1991169.0,0.8488,0.6385,46.06,1.8,891415.0,8.1,1.0,0.835,0.817,0.772
high,7,1.5,0.0,0.0,3,"batch[3d,space=1.5,frag=0,opp=0]",2178830.0,0.768,0.7319,50.4,1.81,1528248.0,9.9,0.977,0.747,0.715,0.71
high,11,1.5,0.0,0.0,3,"batch[3d,space=1.5,frag=0,opp=0]",2182086.0,0.7577,0.7382,50.48,1.87,1636571.0,9.5,0.95,0.737,0.711,0.699
high,7,1.5,0.0,0.0,7,"batch[7d,space=1.5,frag=0,opp=0]",2197793.0,0.7563,0.7371,50.84,1.79,1503016.0,10.2,0.978,0.73,0.704,0.702
high,11,1.5,0.0,0.0,7,"batch[7d,space=1.5,frag=0,opp=0]",2199623.0,0.7477,0.7426,50.88,1.85,1610323.0,9.8,0.953,0.721,0.701,0.692
